spectra names,Roof,Pavement,Low vegetation,Tree,Soil,Other
profile 1,0.0,0.09,0.05,0.35,0.0,0.0
profile 2,0.0,0.33,0.36,0.31,0.0,0.0
profile 3,0.03,0.54,0.12,0.31,0.0,0.0
profile 4,0.29,0.46,0.0,0.25,0.0,0.0
profile 5,0.62,0.3,0.0,0.08,0.0,0.0
profile 6,0.62,0.15,0.0,0.23,0.0,0.0
profile 7,0.65,0.26,0.0,0.09,0.0,0.0
profile 8,0.49,0.29,0.02,0.2,0.0,0.0
profile 9,0.63,0.28,0.0,0.09,0.0,0.0
profile 10,0.58,0.12,0.0,0.18,0.0,0.0
profile 11,0.04,0.14,0.0,0.03,0.0,0.0
profile 12,0.2,0.33,0.0,0.47,0.0,0.0
profile 13,0.38,0.51,0.0,0.11,0.0,0.0
profile 14,0.66,0.34,0.0,0.0,0.0,0.0
profile 15,0.58,0.25,0.0,0.17,0.0,0.0
profile 16,0.48,0.49,0.01,0.02,0.0,0.0
profile 17,0.6,0.26,0.08,0.06,0.0,0.0
profile 18,0.74,0.23,0.03,0.0,0.0,0.0
profile 19,0.58,0.24,0.04,0.14,0.0,0.0
profile 20,0.49,0.09,0.0,0.18,0.0,0.0
profile 21,0.2,0.48,0.0,0.15,0.0,0.0
profile 22,0.2,0.51,0.0,0.19,0.0,0.0
profile 23,0.2,0.53,0.0,0.17,0.0,0.0
profile 24,0.2,0.42,0.0,0.28,0.0,0.0
profile 25,0.2,0.58,0.0,0.12,0.0,0.0
profile 26,0.2,0.48,0.0,0.22,0.0,0.0
profile 27,0.2,0.45,0.0,0.25,0.0,0.0
profile 28,0.2,0.56,0.0,0.14,0.0,0.0
profile 29,0.14,0.24,0.0,0.23,0.0,0.0
profile 30,0.0,0.02,0.0,0.0,0.0,0.0
profile 31,0.25,0.03,0.0,0.01,0.0,0.0
profile 32,0.03,0.01,0.0,0.0,0.0,0.0
profile 33,0.06,0.0,0.05,0.05,0.0,0.0
profile 34,0.44,0.13,0.14,0.02,0.0,0.0
profile 35,0.99,0.0,0.0,0.01,0.0,0.0
profile 36,0.03,0.03,0.0,0.0,0.0,0.0
profile 37,0.02,0.0,0.0,0.0,0.0,0.0
profile 38,0.33,0.16,0.04,0.04,0.0,0.0
profile 39,0.45,0.29,0.18,0.06,0.0,0.0
profile 40,0.29,0.19,0.1,0.42,0.0,0.0
profile 41,0.82,0.07,0.0,0.06,0.0,0.0
profile 42,0.13,0.0,0.0,0.0,0.0,0.0
profile 43,0.38,0.51,0.0,0.11,0.0,0.0
profile 44,0.58,0.19,0.0,0.23,0.0,0.0
profile 45,0.72,0.2,0.08,0.0,0.0,0.0
profile 46,0.77,0.08,0.0,0.0,0.0,0.0
profile 47,0.23,0.01,0.0,0.0,0.0,0.0
profile 48,0.47,0.03,0.43,0.07,0.0,0.0
profile 49,0.54,0.15,0.31,0.0,0.0,0.0
profile 50,0.24,0.25,0.29,0.22,0.0,0.0
profile 51,0.45,0.2,0.05,0.05,0.0,0.0
profile 52,0.34,0.0,0.0,0.0,0.0,0.0
profile 53,0.08,0.13,0.55,0.24,0.0,0.0
profile 54,0.04,0.01,0.44,0.51,0.0,0.0
profile 55,0.22,0.22,0.27,0.29,0.0,0.0
profile 56,0.46,0.16,0.0,0.02,0.0,0.0
profile 57,0.26,0.12,0.06,0.0,0.0,0.0
profile 58,0.33,0.48,0.19,0.0,0.0,0.0
profile 59,0.03,0.18,0.36,0.43,0.0,0.0
profile 60,0.11,0.19,0.45,0.25,0.0,0.0
profile 61,0.43,0.03,0.08,0.0,0.0,0.0
profile 62,0.41,0.01,0.13,0.0,0.0,0.0
profile 63,0.31,0.25,0.42,0.0,0.02,0.0
profile 64,0.46,0.0,0.27,0.27,0.0,0.0
profile 65,0.27,0.14,0.4,0.19,0.0,0.0
profile 66,0.41,0.03,0.0,0.0,0.0,0.0
profile 67,0.04,0.14,0.22,0.25,0.0,0.0
profile 68,0.0,0.04,0.45,0.06,0.45,0.0
profile 69,0.18,0.06,0.45,0.25,0.06,0.0
profile 70,0.32,0.55,0.06,0.07,0.0,0.0
profile 71,0.3,0.03,0.0,0.0,0.0,0.0
profile 72,0.32,0.3,0.14,0.0,0.0,0.0
profile 73,0.06,0.17,0.41,0.22,0.14,0.0
profile 74,0.52,0.02,0.36,0.03,0.07,0.0
profile 75,0.76,0.24,0.0,0.0,0.0,0.0
profile 76,0.21,0.02,0.0,0.0,0.0,0.0
profile 77,0.48,0.38,0.0,0.0,0.0,0.0
profile 78,0.23,0.77,0.0,0.0,0.0,0.0
profile 79,0.57,0.43,0.0,0.0,0.0,0.0
profile 80,0.74,0.26,0.0,0.0,0.0,0.0
profile 81,0.11,0.02,0.0,0.0,0.0,0.0
profile 82,0.5,0.22,0.23,0.02,0.0,0.0
profile 83,0.32,0.37,0.13,0.18,0.0,0.0
profile 84,0.6,0.4,0.0,0.0,0.0,0.0
profile 85,0.99,0.01,0.0,0.0,0.0,0.0
profile 86,0.01,0.01,0.0,0.0,0.0,0.0
profile 87,0.4,0.0,0.09,0.06,0.0,0.0
profile 88,0.41,0.03,0.09,0.1,0.0,0.0
profile 89,0.43,0.01,0.0,0.0,0.0,0.0
profile 90,0.24,0.01,0.0,0.0,0.0,0.0
profile 91,0.1,0.0,0.09,0.37,0.0,0.0
profile 92,0.22,0.0,0.22,0.51,0.0,0.0
profile 93,0.19,0.0,0.1,0.57,0.0,0.0
profile 94,0.04,0.0,0.0,0.29,0.0,0.0
profile 95,0.05,0.0,0.36,0.3,0.0,0.0
profile 96,0.04,0.0,0.96,0.0,0.0,0.0
profile 97,0.04,0.0,0.59,0.37,0.0,0.0
profile 98,0.0,0.0,0.0,0.38,0.0,0.0
profile 99,0.08,0.0,0.39,0.34,0.0,0.0
profile 100,0.0,0.0,1.0,0.0,0.0,0.0
profile 101,0.01,0.0,0.8,0.19,0.0,0.0
profile 102,0.0,0.0,0.0,0.27,0.0,0.0
profile 103,0.06,0.0,0.27,0.57,0.0,0.0
profile 104,0.04,0.0,0.95,0.01,0.0,0.0
profile 105,0.06,0.0,0.69,0.25,0.0,0.0
profile 106,0.0,0.0,0.0,0.17,0.0,0.0
profile 107,0.03,0.0,0.0,0.91,0.0,0.06
profile 108,0.16,0.0,0.03,0.59,0.06,0.16
profile 109,0.19,0.0,0.1,0.61,0.0,0.1
profile 110,0.0,0.0,0.02,0.04,0.0,0.0
profile 111,0.0,0.43,0.0,0.15,0.0,0.0
profile 112,0.46,0.21,0.0,0.23,0.0,0.0
profile 113,0.48,0.34,0.0,0.08,0.0,0.0
profile 114,0.38,0.52,0.0,0.0,0.0,0.0
profile 115,0.35,0.29,0.0,0.26,0.0,0.0
profile 116,0.18,0.11,0.0,0.61,0.0,0.0
profile 117,0.46,0.24,0.0,0.07,0.0,0.0
profile 118,0.18,0.2,0.0,0.0,0.0,0.0
profile 119,0.05,0.0,0.0,0.0,0.0,0.0
profile 120,0.0,0.0,0.04,0.02,0.0,0.0
profile 121,0.11,0.0,0.1,0.47,0.23,0.0
profile 122,0.1,0.0,0.0,0.17,0.73,0.0
profile 123,0.08,0.0,0.0,0.65,0.23,0.0
profile 124,0.01,0.02,0.0,0.0,0.0,0.0
profile 125,0.49,0.09,0.0,0.0,0.0,0.0
profile 126,0.53,0.23,0.0,0.0,0.0,0.0
profile 127,0.16,0.36,0.0,0.39,0.0,0.0
profile 128,0.51,0.33,0.03,0.13,0.0,0.0
profile 129,0.62,0.27,0.09,0.02,0.0,0.0
profile 130,0.5,0.32,0.16,0.03,0.0,0.0
profile 131,0.71,0.19,0.0,0.1,0.0,0.0
profile 132,0.19,0.13,0.0,0.64,0.0,0.0
profile 133,0.38,0.1,0.08,0.45,0.0,0.0
profile 134,0.84,0.08,0.05,0.03,0.0,0.0
profile 135,0.68,0.16,0.02,0.1,0.0,0.0
profile 136,0.07,0.18,0.0,0.32,0.0,0.0
profile 137,0.0,0.0,0.0,0.02,0.0,0.0
profile 138,0.0,0.0,0.01,0.36,0.0,0.0
profile 139,0.0,0.0,0.0,0.25,0.0,0.0
profile 140,0.58,0.13,0.02,0.0,0.0,0.0
profile 141,0.43,0.21,0.03,0.33,0.0,0.0
profile 142,0.62,0.27,0.0,0.11,0.0,0.0
profile 143,0.15,0.27,0.0,0.58,0.0,0.0
profile 144,0.58,0.24,0.02,0.16,0.0,0.0
profile 145,0.16,0.05,0.06,0.74,0.0,0.0
profile 146,0.37,0.14,0.1,0.39,0.0,0.0
profile 147,0.65,0.19,0.09,0.09,0.0,0.0
profile 148,0.0,0.31,0.05,0.64,0.0,0.0
profile 149,0.44,0.33,0.13,0.1,0.0,0.0
profile 150,0.05,0.09,0.36,0.5,0.0,0.0
profile 151,0.42,0.38,0.09,0.11,0.0,0.0
profile 152,0.0,0.39,0.0,0.37,0.0,0.0
profile 153,0.0,0.02,0.0,0.11,0.0,0.0
profile 154,0.02,0.34,0.0,0.27,0.0,0.0
profile 155,0.16,0.04,0.0,0.0,0.0,0.0
profile 156,0.28,0.0,0.0,0.0,0.0,0.0
profile 157,0.57,0.19,0.18,0.05,0.0,0.0
profile 158,0.71,0.29,0.0,0.0,0.0,0.0
profile 159,0.05,0.35,0.0,0.6,0.0,0.0
profile 160,0.67,0.23,0.1,0.0,0.0,0.0
profile 161,0.34,0.22,0.09,0.35,0.0,0.0
profile 162,0.17,0.08,0.13,0.62,0.0,0.0
profile 163,0.44,0.14,0.13,0.3,0.0,0.0
profile 164,0.01,0.42,0.02,0.52,0.0,0.0
profile 165,0.45,0.24,0.12,0.19,0.0,0.0
profile 166,0.0,0.15,0.1,0.75,0.0,0.0
profile 167,0.5,0.36,0.0,0.14,0.0,0.0
profile 168,0.0,0.38,0.0,0.5,0.0,0.0
profile 169,0.11,0.62,0.0,0.21,0.0,0.0
profile 170,0.52,0.34,0.11,0.03,0.0,0.0
profile 171,0.49,0.13,0.38,0.0,0.0,0.0
profile 172,0.21,0.02,0.0,0.0,0.0,0.0
profile 173,0.44,0.03,0.01,0.0,0.0,0.0
profile 174,0.64,0.21,0.0,0.15,0.0,0.0
profile 175,0.04,0.4,0.0,0.56,0.0,0.0
profile 176,0.66,0.13,0.0,0.21,0.0,0.0
profile 177,0.19,0.48,0.0,0.33,0.0,0.0
profile 178,0.29,0.38,0.0,0.33,0.0,0.0
profile 179,0.51,0.38,0.0,0.11,0.0,0.0
profile 180,0.23,0.11,0.0,0.66,0.0,0.0
profile 181,0.1,0.27,0.03,0.61,0.0,0.0
profile 182,0.48,0.24,0.0,0.28,0.0,0.0
profile 183,0.27,0.46,0.0,0.27,0.0,0.0
profile 184,0.16,0.54,0.0,0.3,0.0,0.0
profile 185,0.42,0.29,0.26,0.03,0.0,0.0
profile 186,0.01,0.17,0.79,0.03,0.0,0.0
profile 187,0.27,0.17,0.52,0.04,0.0,0.0
profile 188,0.14,0.0,0.0,0.0,0.0,0.0
profile 189,0.01,0.0,0.0,0.0,0.0,0.0
profile 190,0.46,0.1,0.0,0.14,0.0,0.0
profile 191,0.15,0.44,0.0,0.41,0.0,0.0
profile 192,0.59,0.32,0.0,0.09,0.0,0.0
profile 193,0.78,0.09,0.04,0.09,0.0,0.0
profile 194,0.51,0.22,0.15,0.12,0.0,0.0
profile 195,0.14,0.3,0.04,0.52,0.0,0.0
profile 196,0.07,0.46,0.0,0.47,0.0,0.0
profile 197,0.54,0.33,0.0,0.13,0.0,0.0
profile 198,0.12,0.32,0.0,0.56,0.0,0.0
profile 199,0.09,0.36,0.0,0.55,0.0,0.0
profile 200,0.45,0.33,0.0,0.22,0.0,0.0
profile 201,0.27,0.21,0.51,0.01,0.0,0.0
profile 202,0.32,0.27,0.41,0.0,0.0,0.0
profile 203,0.38,0.34,0.28,0.0,0.0,0.0
profile 204,0.03,0.0,0.0,0.0,0.0,0.0
profile 205,0.0,0.14,0.01,0.01,0.0,0.0
profile 206,0.0,0.13,0.0,0.2,0.0,0.0
profile 207,0.25,0.39,0.0,0.36,0.0,0.0
profile 208,0.58,0.26,0.01,0.15,0.0,0.0
profile 209,0.42,0.23,0.29,0.06,0.0,0.0
profile 210,0.42,0.46,0.05,0.07,0.0,0.0
profile 211,0.43,0.29,0.0,0.28,0.0,0.0
profile 212,0.12,0.44,0.0,0.44,0.0,0.0
profile 213,0.09,0.53,0.0,0.38,0.0,0.0
profile 214,0.53,0.29,0.0,0.18,0.0,0.0
profile 215,0.49,0.35,0.0,0.16,0.0,0.0
profile 216,0.48,0.47,0.0,0.05,0.0,0.0
profile 217,0.42,0.52,0.06,0.0,0.0,0.0
profile 218,0.46,0.47,0.07,0.0,0.0,0.0
profile 219,0.8,0.12,0.0,0.0,0.0,0.0
profile 220,0.1,0.11,0.0,0.04,0.0,0.0
profile 221,0.0,0.99,0.0,0.01,0.0,0.0
profile 222,0.11,0.52,0.07,0.0,0.0,0.0
profile 223,0.0,0.03,0.0,0.05,0.0,0.0
profile 224,0.0,0.06,0.0,0.16,0.0,0.0
profile 225,0.15,0.44,0.0,0.41,0.0,0.0
profile 226,0.49,0.26,0.0,0.25,0.0,0.0
profile 227,0.32,0.3,0.0,0.38,0.0,0.0
profile 228,0.3,0.27,0.0,0.43,0.0,0.0
profile 229,0.27,0.38,0.0,0.35,0.0,0.0
profile 230,0.11,0.63,0.05,0.21,0.0,0.0
profile 231,0.2,0.22,0.44,0.14,0.0,0.0
profile 232,0.14,0.42,0.43,0.01,0.0,0.0
profile 233,0.47,0.5,0.0,0.03,0.0,0.0
profile 234,0.63,0.21,0.0,0.16,0.0,0.0
profile 235,1.0,0.0,0.0,0.0,0.0,0.0
profile 236,0.9,0.1,0.0,0.0,0.0,0.0
profile 237,0.81,0.0,0.0,0.0,0.0,0.0
profile 238,0.0,0.3,0.0,0.06,0.0,0.0
profile 239,0.0,1.0,0.0,0.0,0.0,0.0
profile 240,0.0,1.0,0.0,0.0,0.0,0.0
profile 241,0.0,0.84,0.0,0.08,0.0,0.0
profile 242,0.0,0.17,0.0,0.13,0.0,0.0
profile 243,0.0,0.01,0.0,0.0,0.0,0.0
profile 244,0.0,0.43,0.0,0.28,0.0,0.0
profile 245,0.07,0.32,0.01,0.6,0.0,0.0
profile 246,0.36,0.37,0.01,0.26,0.0,0.0
profile 247,0.18,0.26,0.0,0.56,0.0,0.0
profile 248,0.11,0.44,0.11,0.34,0.0,0.0
profile 249,0.18,0.26,0.44,0.12,0.0,0.0
profile 250,0.26,0.24,0.24,0.26,0.0,0.0
profile 251,0.52,0.3,0.12,0.06,0.0,0.0
profile 252,0.37,0.51,0.0,0.12,0.0,0.0
profile 253,0.71,0.23,0.0,0.06,0.0,0.0
profile 254,0.99,0.01,0.0,0.0,0.0,0.0
profile 255,0.96,0.04,0.0,0.0,0.0,0.0
profile 256,0.69,0.0,0.0,0.0,0.0,0.0
profile 257,0.0,0.43,0.0,0.04,0.0,0.0
profile 258,0.0,1.0,0.0,0.0,0.0,0.0
profile 259,0.0,1.0,0.0,0.0,0.0,0.0
profile 260,0.0,1.0,0.0,0.0,0.0,0.0
profile 261,0.0,0.9,0.0,0.1,0.0,0.0
profile 262,0.0,0.15,0.0,0.06,0.0,0.0
profile 263,0.0,0.04,0.0,0.02,0.0,0.0
profile 264,0.0,0.59,0.0,0.26,0.0,0.0
profile 265,0.03,0.72,0.03,0.22,0.0,0.0
profile 266,0.08,0.52,0.17,0.23,0.0,0.0
profile 267,0.36,0.35,0.22,0.07,0.0,0.0
profile 268,0.35,0.39,0.19,0.07,0.0,0.0
profile 269,0.0,0.42,0.13,0.45,0.0,0.0
profile 270,0.87,0.13,0.0,0.0,0.0,0.0
profile 271,0.26,0.55,0.0,0.19,0.0,0.0
profile 272,0.73,0.24,0.0,0.03,0.0,0.0
profile 273,0.59,0.37,0.0,0.04,0.0,0.0
profile 274,0.08,0.63,0.0,0.29,0.0,0.0
profile 275,0.49,0.09,0.0,0.0,0.0,0.0
profile 276,0.0,0.55,0.0,0.03,0.0,0.0
profile 277,0.54,0.46,0.0,0.0,0.0,0.0
profile 278,0.17,0.83,0.0,0.0,0.0,0.0
profile 279,0.0,1.0,0.0,0.0,0.0,0.0
profile 280,0.0,1.0,0.0,0.0,0.0,0.0
profile 281,0.0,0.24,0.03,0.21,0.0,0.0
profile 282,0.0,0.23,0.0,0.0,0.0,0.0
profile 283,0.03,0.74,0.0,0.23,0.0,0.0
profile 284,0.38,0.47,0.09,0.06,0.0,0.0
profile 285,0.19,0.37,0.3,0.14,0.0,0.0
profile 286,0.32,0.38,0.08,0.22,0.0,0.0
profile 287,0.24,0.66,0.06,0.04,0.0,0.0
profile 288,0.9,0.1,0.0,0.0,0.0,0.0
profile 289,0.13,0.59,0.0,0.28,0.0,0.0
profile 290,0.55,0.45,0.0,0.0,0.0,0.0
profile 291,0.28,0.44,0.0,0.28,0.0,0.0
profile 292,0.36,0.14,0.12,0.38,0.0,0.0
profile 293,0.45,0.02,0.0,0.0,0.0,0.0
profile 294,0.0,0.65,0.0,0.06,0.0,0.0
profile 295,0.47,0.53,0.0,0.0,0.0,0.0
profile 296,0.27,0.73,0.0,0.0,0.0,0.0
profile 297,0.0,1.0,0.0,0.0,0.0,0.0
profile 298,0.0,1.0,0.0,0.0,0.0,0.0
profile 299,0.0,0.15,0.05,0.25,0.0,0.0
profile 300,0.0,0.25,0.0,0.0,0.0,0.0
profile 301,0.24,0.7,0.0,0.0,0.0,0.0
profile 302,0.26,0.68,0.0,0.06,0.0,0.0
profile 303,0.11,0.71,0.0,0.18,0.0,0.0
profile 304,0.61,0.39,0.0,0.0,0.0,0.0
profile 305,0.48,0.52,0.0,0.0,0.0,0.0
profile 306,0.71,0.29,0.0,0.0,0.0,0.0
profile 307,1.0,0.0,0.0,0.0,0.0,0.0
profile 308,0.13,0.6,0.0,0.27,0.0,0.0
profile 309,0.42,0.58,0.0,0.0,0.0,0.0
profile 310,0.0,0.72,0.11,0.17,0.0,0.0
profile 311,0.59,0.1,0.06,0.26,0.0,0.0
profile 312,0.36,0.0,0.0,0.0,0.0,0.0
profile 313,0.13,0.65,0.0,0.04,0.0,0.0
profile 314,0.68,0.32,0.0,0.0,0.0,0.0
profile 315,0.18,0.82,0.0,0.0,0.0,0.0
profile 316,0.0,1.0,0.0,0.0,0.0,0.0
profile 317,0.0,1.0,0.0,0.0,0.0,0.0
profile 318,0.0,0.09,0.05,0.23,0.0,0.0
profile 319,0.0,0.08,0.0,0.04,0.0,0.0
profile 320,0.03,0.87,0.0,0.03,0.0,0.0
profile 321,0.22,0.71,0.0,0.07,0.0,0.0
profile 322,0.17,0.58,0.04,0.21,0.0,0.0
profile 323,0.29,0.3,0.0,0.41,0.0,0.0
profile 324,0.71,0.29,0.0,0.0,0.0,0.0
profile 325,0.57,0.43,0.0,0.0,0.0,0.0
profile 326,0.73,0.27,0.0,0.0,0.0,0.0
profile 327,0.16,0.47,0.0,0.37,0.0,0.0
profile 328,0.32,0.68,0.0,0.0,0.0,0.0
profile 329,0.05,0.49,0.19,0.27,0.0,0.0
profile 330,0.61,0.11,0.17,0.11,0.0,0.0
profile 331,0.25,0.0,0.0,0.0,0.0,0.0
profile 332,0.51,0.39,0.0,0.03,0.0,0.0
profile 333,1.0,0.0,0.0,0.0,0.0,0.0
profile 334,0.18,0.82,0.0,0.0,0.0,0.0
profile 335,0.0,1.0,0.0,0.0,0.0,0.0
profile 336,0.0,1.0,0.0,0.0,0.0,0.0
profile 337,0.0,0.0,0.15,0.14,0.0,0.0
profile 338,0.0,0.12,0.0,0.0,0.0,0.0
profile 339,0.0,0.71,0.0,0.0,0.0,0.0
profile 340,0.0,0.21,0.0,0.0,0.0,0.0
profile 341,0.18,0.11,0.0,0.0,0.0,0.0
profile 342,0.5,0.38,0.05,0.06,0.0,0.0
profile 343,0.36,0.49,0.01,0.14,0.0,0.0
profile 344,0.02,0.61,0.0,0.37,0.0,0.0
profile 345,0.51,0.26,0.0,0.23,0.0,0.0
profile 346,0.36,0.64,0.0,0.0,0.0,0.0
profile 347,0.33,0.66,0.0,0.01,0.0,0.0
profile 348,0.26,0.53,0.0,0.21,0.0,0.0
profile 349,0.24,0.76,0.0,0.0,0.0,0.0
profile 350,0.02,0.51,0.21,0.26,0.0,0.0
profile 351,0.54,0.29,0.17,0.0,0.0,0.0
profile 352,0.14,0.0,0.0,0.0,0.0,0.0
profile 353,0.42,0.4,0.06,0.04,0.0,0.0
profile 354,1.0,0.0,0.0,0.0,0.0,0.0
profile 355,0.09,0.91,0.0,0.0,0.0,0.0
profile 356,0.0,1.0,0.0,0.0,0.0,0.0
profile 357,0.0,0.9,0.0,0.1,0.0,0.0
profile 358,0.0,0.0,0.03,0.17,0.0,0.0
profile 359,0.0,0.17,0.0,0.04,0.0,0.0
profile 360,0.0,0.79,0.0,0.19,0.0,0.0
profile 361,0.0,0.93,0.0,0.0,0.0,0.0
profile 362,0.0,0.15,0.0,0.0,0.0,0.0
profile 363,0.51,0.01,0.0,0.0,0.0,0.0
profile 364,0.63,0.35,0.0,0.02,0.0,0.0
profile 365,0.59,0.37,0.0,0.04,0.0,0.0
profile 366,0.08,0.35,0.0,0.57,0.0,0.0
profile 367,0.53,0.43,0.0,0.04,0.0,0.0
profile 368,0.73,0.21,0.0,0.06,0.0,0.0
profile 369,0.35,0.53,0.0,0.12,0.0,0.0
profile 370,0.3,0.7,0.0,0.0,0.0,0.0
profile 371,0.13,0.41,0.2,0.26,0.0,0.0
profile 372,0.74,0.14,0.11,0.01,0.0,0.0
profile 373,0.03,0.0,0.0,0.0,0.0,0.0
profile 374,0.26,0.58,0.04,0.06,0.0,0.0
profile 375,0.5,0.49,0.0,0.01,0.0,0.0
profile 376,0.03,0.97,0.0,0.0,0.0,0.0
profile 377,0.0,1.0,0.0,0.0,0.0,0.0
profile 378,0.0,0.74,0.04,0.18,0.0,0.0
profile 379,0.0,0.0,0.03,0.06,0.0,0.0
profile 380,0.0,0.0,0.01,0.01,0.0,0.0
profile 381,0.23,0.15,0.2,0.06,0.0,0.0
profile 382,0.38,0.31,0.12,0.19,0.0,0.0
profile 383,0.01,0.91,0.0,0.08,0.0,0.0
profile 384,0.0,0.9,0.0,0.0,0.0,0.0
profile 385,0.0,0.12,0.0,0.0,0.0,0.0
profile 386,0.01,0.0,0.0,0.0,0.0,0.0
profile 387,0.43,0.21,0.0,0.1,0.0,0.0
profile 388,0.66,0.21,0.0,0.13,0.0,0.0
profile 389,0.25,0.72,0.03,0.0,0.0,0.0
profile 390,0.09,0.58,0.0,0.33,0.0,0.0
profile 391,0.33,0.52,0.0,0.15,0.0,0.0
profile 392,0.45,0.47,0.0,0.08,0.0,0.0
profile 393,0.7,0.3,0.0,0.0,0.0,0.0
profile 394,0.23,0.63,0.13,0.01,0.0,0.0
profile 395,0.65,0.08,0.19,0.0,0.0,0.0
profile 396,0.0,0.02,0.01,0.27,0.0,0.0
profile 397,0.0,0.08,0.09,0.31,0.0,0.0
profile 398,0.0,0.19,0.01,0.45,0.0,0.0
profile 399,0.0,0.27,0.0,0.49,0.0,0.0
profile 400,0.0,0.25,0.01,0.2,0.0,0.0
profile 401,0.0,0.07,0.01,0.03,0.0,0.0
profile 402,0.41,0.19,0.25,0.15,0.0,0.0
profile 403,0.08,0.2,0.37,0.35,0.0,0.0
profile 404,0.35,0.38,0.08,0.19,0.0,0.0
profile 405,0.0,1.0,0.0,0.0,0.0,0.0
profile 406,0.0,0.85,0.0,0.0,0.0,0.0
profile 407,0.0,0.1,0.0,0.0,0.0,0.0
profile 408,0.0,0.05,0.0,0.04,0.0,0.0
profile 409,0.27,0.46,0.13,0.03,0.0,0.0
profile 410,0.76,0.24,0.0,0.0,0.0,0.0
profile 411,0.2,0.63,0.06,0.11,0.0,0.0
profile 412,0.0,0.74,0.0,0.26,0.0,0.0
profile 413,0.47,0.32,0.0,0.21,0.0,0.0
profile 414,0.42,0.51,0.0,0.07,0.0,0.0
profile 415,0.06,0.54,0.21,0.19,0.0,0.0
profile 416,0.59,0.08,0.12,0.0,0.0,0.0
profile 417,0.07,0.11,0.01,0.01,0.0,0.0
profile 418,0.32,0.08,0.29,0.31,0.0,0.0
profile 419,0.03,0.0,0.2,0.77,0.0,0.0
profile 420,0.42,0.19,0.17,0.22,0.0,0.0
profile 421,0.0,0.71,0.0,0.29,0.0,0.0
profile 422,0.0,1.0,0.0,0.0,0.0,0.0
profile 423,0.0,0.81,0.0,0.0,0.0,0.0
profile 424,0.0,0.04,0.0,0.0,0.0,0.0
profile 425,0.11,0.03,0.05,0.05,0.0,0.0
profile 426,0.68,0.21,0.09,0.0,0.0,0.0
profile 427,0.06,0.43,0.24,0.27,0.0,0.0
profile 428,0.0,0.52,0.12,0.36,0.0,0.0
profile 429,0.35,0.51,0.0,0.14,0.0,0.0
profile 430,0.52,0.48,0.0,0.0,0.0,0.0
profile 431,0.29,0.38,0.17,0.16,0.0,0.0
profile 432,0.6,0.07,0.01,0.0,0.0,0.0
profile 433,0.35,0.03,0.0,0.0,0.0,0.0
profile 434,0.66,0.04,0.0,0.0,0.0,0.0
profile 435,0.53,0.03,0.0,0.04,0.0,0.0
profile 436,0.0,0.32,0.0,0.2,0.0,0.0
profile 437,0.0,0.25,0.0,0.18,0.0,0.0
profile 438,0.0,0.29,0.0,0.06,0.0,0.0
profile 439,0.02,0.13,0.02,0.02,0.08,0.0
profile 440,0.07,0.08,0.01,0.02,0.0,0.0
profile 441,0.16,0.1,0.04,0.0,0.0,0.0
profile 442,0.23,0.17,0.1,0.51,0.0,0.0
profile 443,0.01,0.37,0.11,0.52,0.0,0.0
profile 444,0.38,0.23,0.16,0.23,0.0,0.0
profile 445,0.0,0.1,0.0,0.9,0.0,0.0
profile 446,0.0,0.51,0.0,0.49,0.0,0.0
profile 447,0.0,1.0,0.0,0.0,0.0,0.0
profile 448,0.0,0.66,0.0,0.0,0.0,0.0
profile 449,0.0,0.05,0.15,0.25,0.0,0.0
profile 450,0.0,0.35,0.09,0.48,0.0,0.0
profile 451,0.0,0.11,0.0,0.22,0.0,0.0
profile 452,0.0,0.5,0.0,0.36,0.0,0.0
profile 453,0.54,0.41,0.0,0.05,0.0,0.0
profile 454,0.07,0.44,0.36,0.13,0.0,0.0
profile 455,0.49,0.08,0.0,0.0,0.0,0.0
profile 456,0.47,0.14,0.0,0.0,0.0,0.0
profile 457,0.6,0.4,0.0,0.0,0.0,0.0
profile 458,0.99,0.01,0.0,0.0,0.0,0.0
profile 459,0.4,0.6,0.0,0.0,0.0,0.0
profile 460,0.0,0.6,0.0,0.4,0.0,0.0
profile 461,0.0,0.98,0.0,0.02,0.0,0.0
profile 462,0.03,0.54,0.05,0.28,0.1,0.0
profile 463,0.13,0.31,0.08,0.38,0.08,0.0
profile 464,0.13,0.06,0.04,0.0,0.0,0.0
profile 465,0.41,0.12,0.07,0.05,0.0,0.0
profile 466,0.4,0.1,0.11,0.07,0.0,0.0
profile 467,0.33,0.22,0.09,0.19,0.0,0.0
profile 468,0.42,0.12,0.0,0.46,0.0,0.0
profile 469,0.06,0.09,0.0,0.85,0.0,0.0
profile 470,0.0,0.72,0.0,0.28,0.0,0.0
profile 471,0.0,1.0,0.0,0.0,0.0,0.0
profile 472,0.0,0.46,0.0,0.0,0.0,0.0
profile 473,0.0,0.18,0.0,0.24,0.0,0.0
profile 474,0.0,0.04,0.0,0.02,0.0,0.0
profile 475,0.0,0.15,0.0,0.02,0.0,0.0
profile 476,0.02,0.66,0.0,0.28,0.0,0.0
profile 477,0.69,0.19,0.08,0.04,0.0,0.0
profile 478,0.45,0.01,0.0,0.0,0.0,0.0
profile 479,0.7,0.02,0.0,0.0,0.0,0.0
profile 480,0.76,0.21,0.0,0.03,0.0,0.0
profile 481,0.32,0.35,0.16,0.17,0.0,0.0
profile 482,0.25,0.39,0.2,0.16,0.0,0.0
profile 483,0.0,0.78,0.15,0.07,0.0,0.0
profile 484,0.0,0.88,0.12,0.0,0.0,0.0
profile 485,0.0,0.97,0.03,0.0,0.0,0.0
profile 486,0.42,0.4,0.04,0.04,0.0,0.0
profile 487,0.32,0.1,0.03,0.04,0.0,0.0
profile 488,0.44,0.11,0.3,0.15,0.0,0.0
profile 489,0.39,0.26,0.13,0.2,0.0,0.0
profile 490,0.36,0.15,0.09,0.34,0.0,0.0
profile 491,0.6,0.18,0.09,0.13,0.0,0.0
profile 492,0.24,0.13,0.01,0.62,0.0,0.0
profile 493,0.25,0.29,0.0,0.46,0.0,0.0
profile 494,0.0,0.95,0.0,0.05,0.0,0.0
profile 495,0.0,0.99,0.0,0.0,0.0,0.0
profile 496,0.0,0.25,0.0,0.0,0.0,0.0
profile 497,0.0,0.13,0.0,0.21,0.0,0.0
profile 498,0.0,0.25,0.0,0.07,0.0,0.0
profile 499,0.0,0.44,0.0,0.16,0.0,0.0
profile 500,0.05,0.72,0.0,0.23,0.0,0.0
profile 501,0.02,0.33,0.0,0.0,0.0,0.0
profile 502,0.7,0.08,0.03,0.01,0.0,0.0
profile 503,0.54,0.41,0.01,0.04,0.0,0.0
profile 504,0.02,0.35,0.59,0.04,0.0,0.0
profile 505,0.13,0.31,0.56,0.0,0.0,0.0
profile 506,0.24,0.61,0.15,0.0,0.0,0.0
profile 507,0.0,0.85,0.15,0.0,0.0,0.0
profile 508,0.0,0.9,0.1,0.0,0.0,0.0
profile 509,0.47,0.28,0.0,0.05,0.0,0.0
profile 510,0.42,0.09,0.01,0.07,0.0,0.0
profile 511,0.02,0.26,0.22,0.5,0.0,0.0
profile 512,0.04,0.37,0.09,0.5,0.0,0.0
profile 513,0.34,0.11,0.14,0.41,0.0,0.0
profile 514,0.44,0.33,0.14,0.09,0.0,0.0
profile 515,0.0,0.26,0.22,0.52,0.0,0.0
profile 516,0.29,0.13,0.1,0.48,0.0,0.0
profile 517,0.0,0.52,0.05,0.43,0.0,0.0
profile 518,0.0,0.96,0.0,0.04,0.0,0.0
profile 519,0.0,0.92,0.0,0.0,0.0,0.0
profile 520,0.0,0.12,0.0,0.0,0.0,0.0
profile 521,0.0,0.25,0.0,0.2,0.0,0.0
profile 522,0.0,0.01,0.0,0.0,0.0,0.0
profile 523,0.0,0.41,0.0,0.15,0.0,0.0
profile 524,0.0,0.54,0.0,0.2,0.0,0.0
profile 525,0.59,0.15,0.16,0.03,0.0,0.0
profile 526,0.0,0.23,0.5,0.27,0.0,0.0
profile 527,0.13,0.18,0.44,0.25,0.0,0.0
profile 528,1.0,0.0,0.0,0.0,0.0,0.0
profile 529,0.83,0.17,0.0,0.0,0.0,0.0
profile 530,0.39,0.59,0.02,0.0,0.0,0.0
profile 531,0.19,0.73,0.09,0.0,0.0,0.0
profile 532,0.43,0.21,0.0,0.08,0.0,0.0
profile 533,0.44,0.2,0.0,0.04,0.0,0.0
profile 534,0.22,0.02,0.51,0.25,0.0,0.0
profile 535,0.16,0.31,0.12,0.41,0.0,0.0
profile 536,0.25,0.11,0.06,0.58,0.0,0.0
profile 537,0.28,0.42,0.04,0.26,0.0,0.0
profile 538,0.68,0.28,0.04,0.0,0.0,0.0
profile 539,0.45,0.34,0.14,0.07,0.0,0.0
profile 540,0.02,0.41,0.1,0.47,0.0,0.0
profile 541,0.27,0.54,0.02,0.17,0.0,0.0
profile 542,0.0,1.0,0.0,0.0,0.0,0.0
profile 543,0.0,0.81,0.0,0.0,0.0,0.0
profile 544,0.0,0.03,0.0,0.0,0.0,0.0
profile 545,0.0,0.0,0.0,0.03,0.0,0.0
profile 546,0.0,0.17,0.0,0.15,0.0,0.0
profile 547,0.0,0.02,0.0,0.0,0.0,0.0
profile 548,0.0,0.52,0.0,0.24,0.0,0.0
profile 549,0.44,0.35,0.0,0.21,0.0,0.0
profile 550,0.28,0.45,0.08,0.19,0.0,0.0
profile 551,0.2,0.2,0.44,0.16,0.0,0.0
profile 552,0.9,0.1,0.0,0.0,0.0,0.0
profile 553,1.0,0.0,0.0,0.0,0.0,0.0
profile 554,0.5,0.5,0.0,0.0,0.0,0.0
profile 555,0.12,0.88,0.0,0.0,0.0,0.0
profile 556,0.3,0.25,0.0,0.09,0.0,0.0
profile 557,0.45,0.27,0.02,0.04,0.0,0.0
profile 558,0.09,0.14,0.41,0.36,0.0,0.0
profile 559,0.27,0.06,0.19,0.48,0.0,0.0
profile 560,0.22,0.25,0.09,0.44,0.0,0.0
profile 561,0.33,0.26,0.41,0.0,0.0,0.0
profile 562,0.0,0.41,0.14,0.45,0.0,0.0
profile 563,0.15,0.07,0.07,0.71,0.0,0.0
profile 564,0.19,0.3,0.14,0.37,0.0,0.0
profile 565,0.3,0.57,0.05,0.08,0.0,0.0
profile 566,0.17,0.72,0.0,0.11,0.0,0.0
profile 567,0.0,1.0,0.0,0.0,0.0,0.0
profile 568,0.0,0.62,0.0,0.0,0.0,0.0
profile 569,0.0,0.01,0.0,0.01,0.0,0.0
profile 570,0.0,0.07,0.0,0.02,0.0,0.0
profile 571,0.0,0.51,0.0,0.39,0.0,0.0
profile 572,0.62,0.26,0.0,0.12,0.0,0.0
profile 573,0.28,0.54,0.05,0.13,0.0,0.0
profile 574,0.18,0.76,0.04,0.02,0.0,0.0
profile 575,0.74,0.26,0.0,0.0,0.0,0.0
profile 576,0.3,0.7,0.0,0.0,0.0,0.0
profile 577,0.06,0.94,0.0,0.0,0.0,0.0
profile 578,0.49,0.03,0.0,0.05,0.0,0.0
profile 579,0.45,0.3,0.03,0.09,0.0,0.0
profile 580,0.25,0.37,0.0,0.38,0.0,0.0
profile 581,0.35,0.3,0.09,0.26,0.0,0.0
profile 582,0.19,0.15,0.07,0.59,0.0,0.0
profile 583,0.23,0.17,0.21,0.39,0.0,0.0
profile 584,0.0,0.12,0.51,0.37,0.0,0.0
profile 585,0.45,0.16,0.18,0.22,0.0,0.0
profile 586,0.43,0.07,0.13,0.37,0.0,0.0
profile 587,0.19,0.25,0.07,0.49,0.0,0.0
profile 588,0.55,0.32,0.11,0.02,0.0,0.0
profile 589,0.05,0.83,0.0,0.12,0.0,0.0
profile 590,0.0,1.0,0.0,0.0,0.0,0.0
profile 591,0.0,0.42,0.0,0.0,0.0,0.0
profile 592,0.0,0.15,0.0,0.09,0.0,0.0
profile 593,0.05,0.44,0.0,0.44,0.0,0.0
profile 594,0.56,0.11,0.17,0.16,0.0,0.0
profile 595,0.65,0.18,0.17,0.0,0.0,0.0
profile 596,0.73,0.17,0.1,0.0,0.0,0.0
profile 597,0.59,0.37,0.04,0.0,0.0,0.0
profile 598,0.57,0.43,0.0,0.0,0.0,0.0
profile 599,0.4,0.08,0.0,0.01,0.0,0.0
profile 600,0.03,0.24,0.08,0.57,0.0,0.0
profile 601,0.24,0.14,0.04,0.58,0.0,0.0
profile 602,0.38,0.32,0.09,0.21,0.0,0.0
profile 603,0.0,0.11,0.05,0.84,0.0,0.0
profile 604,0.47,0.11,0.0,0.42,0.0,0.0
profile 605,0.35,0.04,0.0,0.61,0.0,0.0
profile 606,0.1,0.1,0.02,0.78,0.0,0.0
profile 607,0.45,0.21,0.12,0.22,0.0,0.0
profile 608,0.16,0.34,0.1,0.4,0.0,0.0
profile 609,0.01,0.47,0.23,0.29,0.0,0.0
profile 610,0.42,0.34,0.08,0.16,0.0,0.0
profile 611,0.0,0.9,0.0,0.1,0.0,0.0
profile 612,0.0,0.98,0.0,0.0,0.0,0.0
profile 613,0.0,0.24,0.0,0.0,0.0,0.0
profile 614,0.0,0.02,0.0,0.0,0.0,0.0
profile 615,0.0,0.12,0.09,0.04,0.0,0.0
profile 616,0.0,0.16,0.24,0.0,0.0,0.0
profile 617,0.0,0.38,0.09,0.0,0.0,0.0
profile 618,0.0,0.47,0.06,0.0,0.0,0.0
profile 619,0.0,0.5,0.1,0.0,0.0,0.0
profile 620,0.0,0.27,0.0,0.0,0.0,0.0
profile 621,0.0,0.0,0.01,0.01,0.0,0.0
profile 622,0.33,0.19,0.19,0.29,0.0,0.0
profile 623,0.37,0.22,0.16,0.26,0.0,0.0
profile 624,0.25,0.24,0.1,0.41,0.0,0.0
profile 625,0.09,0.28,0.11,0.52,0.0,0.0
profile 626,0.06,0.34,0.11,0.5,0.0,0.0
profile 627,0.08,0.27,0.02,0.63,0.0,0.0
profile 628,0.0,0.2,0.0,0.8,0.0,0.0
profile 629,0.42,0.2,0.1,0.28,0.0,0.0
profile 630,0.5,0.48,0.01,0.01,0.0,0.0
profile 631,0.45,0.26,0.14,0.15,0.0,0.0
profile 632,0.21,0.26,0.32,0.21,0.0,0.0
profile 633,0.06,0.42,0.0,0.5,0.0,0.0
profile 634,0.0,0.96,0.0,0.04,0.0,0.0
profile 635,0.0,0.9,0.0,0.0,0.0,0.0
profile 636,0.0,0.1,0.0,0.0,0.0,0.0
profile 637,0.0,0.0,0.02,0.09,0.0,0.0
profile 638,0.35,0.23,0.14,0.28,0.0,0.0
profile 639,0.0,0.11,0.29,0.6,0.0,0.0
profile 640,0.4,0.27,0.19,0.14,0.0,0.0
profile 641,0.47,0.11,0.12,0.3,0.0,0.0
profile 642,0.55,0.04,0.17,0.25,0.0,0.0
profile 643,0.41,0.12,0.4,0.08,0.0,0.0
profile 644,0.09,0.28,0.13,0.5,0.0,0.0
profile 645,0.2,0.27,0.23,0.3,0.0,0.0
profile 646,0.0,0.44,0.2,0.36,0.0,0.0
profile 647,0.12,0.39,0.03,0.46,0.0,0.0
profile 648,0.15,0.29,0.09,0.47,0.0,0.0
profile 649,0.08,0.43,0.12,0.37,0.0,0.0
profile 650,0.13,0.53,0.03,0.31,0.0,0.0
profile 651,0.0,0.77,0.0,0.0,0.0,0.0
profile 652,0.0,0.1,0.0,0.0,0.0,0.0
profile 653,0.0,0.0,0.11,0.1,0.0,0.0
profile 654,0.28,0.19,0.37,0.16,0.0,0.0
profile 655,0.0,0.01,0.88,0.11,0.0,0.0
profile 656,0.25,0.46,0.22,0.07,0.0,0.0
profile 657,0.37,0.25,0.09,0.29,0.0,0.0
profile 658,0.0,0.06,0.2,0.74,0.0,0.0
profile 659,0.57,0.13,0.08,0.22,0.0,0.0
profile 660,0.03,0.17,0.16,0.64,0.0,0.0
profile 661,0.36,0.42,0.2,0.02,0.0,0.0
profile 662,0.27,0.42,0.29,0.02,0.0,0.0
profile 663,0.37,0.17,0.42,0.04,0.0,0.0
profile 664,0.13,0.52,0.11,0.24,0.0,0.0
profile 665,0.55,0.16,0.1,0.19,0.0,0.0
profile 666,0.03,0.42,0.25,0.3,0.0,0.0
profile 667,0.0,0.32,0.01,0.0,0.0,0.0
profile 668,0.0,0.03,0.21,0.07,0.0,0.0
profile 669,0.38,0.24,0.29,0.09,0.0,0.0
profile 670,0.0,0.06,0.33,0.61,0.0,0.0
profile 671,0.35,0.36,0.17,0.12,0.0,0.0
profile 672,0.4,0.28,0.21,0.12,0.0,0.0
profile 673,0.03,0.23,0.15,0.6,0.0,0.0
profile 674,0.38,0.23,0.3,0.09,0.0,0.0
profile 675,0.08,0.28,0.16,0.48,0.0,0.0
profile 676,0.25,0.33,0.39,0.03,0.0,0.0
profile 677,0.0,0.3,0.22,0.48,0.0,0.0
profile 678,0.1,0.22,0.07,0.61,0.0,0.0
profile 679,0.37,0.26,0.21,0.16,0.0,0.0
profile 680,0.13,0.32,0.22,0.33,0.0,0.0
profile 681,0.0,0.69,0.11,0.2,0.0,0.0
profile 682,0.0,0.39,0.16,0.13,0.0,0.0
profile 683,0.1,0.13,0.09,0.08,0.0,0.0
profile 684,0.25,0.19,0.36,0.2,0.0,0.0
profile 685,0.1,0.2,0.22,0.48,0.0,0.0
profile 686,0.14,0.25,0.22,0.39,0.0,0.0
profile 687,0.12,0.28,0.31,0.3,0.0,0.0
profile 688,0.08,0.4,0.17,0.35,0.0,0.0
profile 689,0.35,0.29,0.22,0.14,0.0,0.0
profile 690,0.23,0.12,0.13,0.52,0.0,0.0
profile 691,0.13,0.09,0.34,0.44,0.0,0.0
profile 692,0.1,0.46,0.0,0.44,0.0,0.0
profile 693,0.59,0.33,0.05,0.03,0.0,0.0
profile 694,0.2,0.3,0.1,0.4,0.0,0.0
profile 695,0.0,0.67,0.04,0.29,0.0,0.0
profile 696,0.0,0.81,0.05,0.14,0.0,0.0
profile 697,0.31,0.12,0.39,0.17,0.0,0.0
profile 698,0.03,0.09,0.05,0.13,0.0,0.0
profile 699,0.3,0.08,0.05,0.07,0.0,0.0
profile 700,0.1,0.13,0.2,0.57,0.0,0.0
profile 701,0.1,0.09,0.16,0.65,0.0,0.0
profile 702,0.27,0.24,0.15,0.34,0.0,0.0
profile 703,0.5,0.17,0.23,0.1,0.0,0.0
profile 704,0.21,0.18,0.38,0.24,0.0,0.0
profile 705,0.37,0.2,0.24,0.19,0.0,0.0
profile 706,0.35,0.14,0.13,0.38,0.0,0.0
profile 707,0.45,0.34,0.08,0.13,0.0,0.0
profile 708,0.59,0.33,0.0,0.08,0.0,0.0
profile 709,0.1,0.62,0.03,0.25,0.0,0.0
profile 710,0.0,0.58,0.06,0.36,0.0,0.0
profile 711,0.0,0.66,0.02,0.32,0.0,0.0
profile 712,0.47,0.51,0.01,0.02,0.0,0.0
profile 713,0.4,0.35,0.0,0.25,0.0,0.0
profile 714,0.0,0.59,0.0,0.36,0.0,0.0
profile 715,0.0,0.07,0.0,0.11,0.0,0.0
profile 716,0.37,0.15,0.01,0.07,0.0,0.0
profile 717,0.19,0.16,0.37,0.29,0.0,0.0
profile 718,0.27,0.16,0.2,0.37,0.0,0.0
profile 719,0.22,0.37,0.17,0.24,0.0,0.0
profile 720,0.31,0.25,0.05,0.39,0.0,0.0
profile 721,0.0,0.2,0.23,0.57,0.0,0.0
profile 722,0.41,0.11,0.17,0.31,0.0,0.0
profile 723,0.48,0.18,0.04,0.3,0.0,0.0
profile 724,0.69,0.16,0.07,0.08,0.0,0.0
profile 725,0.05,0.51,0.05,0.39,0.0,0.0
profile 726,0.0,0.45,0.11,0.44,0.0,0.0
profile 727,0.32,0.09,0.39,0.2,0.0,0.0
profile 728,0.27,0.4,0.05,0.28,0.0,0.0
profile 729,0.09,0.6,0.02,0.29,0.0,0.0
profile 730,0.13,0.87,0.0,0.0,0.0,0.0
profile 731,0.02,0.66,0.0,0.32,0.0,0.0
profile 732,0.3,0.27,0.0,0.31,0.0,0.0
profile 733,0.01,0.0,0.0,0.09,0.0,0.0
profile 734,0.32,0.12,0.02,0.05,0.0,0.0
profile 735,0.44,0.14,0.12,0.16,0.0,0.0
profile 736,0.57,0.17,0.02,0.22,0.0,0.0
profile 737,0.2,0.17,0.21,0.43,0.0,0.0
profile 738,0.63,0.19,0.17,0.01,0.0,0.0
profile 739,0.23,0.37,0.05,0.35,0.0,0.0
profile 740,0.36,0.32,0.17,0.15,0.0,0.0
profile 741,0.15,0.3,0.13,0.42,0.0,0.0
profile 742,0.01,0.62,0.08,0.29,0.0,0.0
profile 743,0.0,0.41,0.22,0.37,0.0,0.0
profile 744,0.44,0.09,0.37,0.1,0.0,0.0
profile 745,0.31,0.52,0.0,0.17,0.0,0.0
profile 746,0.0,0.61,0.35,0.04,0.0,0.0
profile 747,0.0,0.2,0.43,0.37,0.0,0.0
profile 748,0.01,0.87,0.0,0.12,0.0,0.0
profile 749,0.48,0.39,0.0,0.13,0.0,0.0
profile 750,0.18,0.4,0.0,0.41,0.0,0.0
profile 751,0.0,0.18,0.0,0.11,0.0,0.0
profile 752,0.02,0.06,0.01,0.02,0.0,0.0
profile 753,0.19,0.02,0.06,0.0,0.0,0.0
profile 754,0.29,0.09,0.06,0.0,0.0,0.0
profile 755,0.04,0.52,0.17,0.15,0.0,0.0
profile 756,0.0,0.92,0.05,0.03,0.0,0.0
profile 757,0.04,0.37,0.21,0.38,0.0,0.0
profile 758,0.52,0.15,0.3,0.03,0.0,0.0
profile 759,0.2,0.29,0.16,0.35,0.0,0.0
profile 760,0.01,0.41,0.41,0.18,0.0,0.0
profile 761,0.0,0.0,1.0,0.0,0.0,0.0
profile 762,0.0,0.0,0.81,0.19,0.0,0.0
profile 763,0.0,0.48,0.4,0.12,0.0,0.0
profile 764,0.01,0.26,0.0,0.53,0.0,0.0
profile 765,0.0,0.11,0.0,0.08,0.0,0.0
profile 766,0.0,0.24,0.0,0.21,0.0,0.0
profile 767,0.0,0.83,0.08,0.09,0.0,0.0
profile 768,0.0,0.52,0.13,0.35,0.0,0.0
profile 769,0.2,0.67,0.05,0.08,0.0,0.0
profile 770,0.4,0.26,0.2,0.14,0.0,0.0
profile 771,0.19,0.23,0.43,0.15,0.0,0.0
profile 772,0.57,0.16,0.28,0.09,0.0,0.0
profile 773,0.02,0.01,0.99,0.0,0.0,0.0
profile 774,0.0,0.02,0.8,0.18,0.0,0.0
profile 775,0.0,0.39,0.12,0.39,0.0,0.0
profile 776,0.0,0.08,0.0,0.21,0.0,0.0
profile 777,0.0,0.02,0.01,0.16,0.0,0.0
profile 778,0.0,0.0,0.0,0.03,0.0,0.0
profile 779,0.0,0.26,0.0,0.36,0.0,0.0
profile 780,0.0,0.59,0.09,0.32,0.0,0.0
profile 781,0.0,0.84,0.11,0.05,0.0,0.0
profile 782,0.0,0.76,0.16,0.08,0.0,0.0
profile 783,0.0,0.65,0.27,0.08,0.0,0.0
profile 784,0.07,0.43,0.38,0.12,0.0,0.0
profile 785,0.5,0.2,0.13,0.17,0.0,0.0
profile 786,0.03,0.25,0.68,0.04,0.0,0.0
profile 787,0.0,0.15,0.73,0.12,0.0,0.0
profile 788,0.0,0.4,0.07,0.38,0.0,0.0
profile 789,0.0,0.1,0.01,0.25,0.0,0.0
profile 790,0.0,0.04,0.05,0.84,0.0,0.0
profile 791,0.0,0.11,0.09,0.46,0.0,0.0
profile 792,0.0,0.04,0.0,0.06,0.0,0.0
profile 793,0.0,0.41,0.06,0.3,0.0,0.0
profile 794,0.02,0.51,0.11,0.36,0.0,0.0
profile 795,0.18,0.22,0.34,0.26,0.0,0.0
profile 796,0.0,0.43,0.05,0.52,0.0,0.0
profile 797,0.52,0.32,0.09,0.07,0.0,0.0
profile 798,0.27,0.32,0.38,0.03,0.0,0.0
profile 799,0.1,0.64,0.21,0.05,0.0,0.0
profile 800,0.0,0.24,0.71,0.05,0.0,0.0
profile 801,0.0,0.14,0.69,0.17,0.0,0.0
profile 802,0.0,0.66,0.02,0.32,0.0,0.0
profile 803,0.0,0.16,0.0,0.56,0.0,0.0
profile 804,0.0,0.06,0.12,0.8,0.0,0.0
profile 805,0.0,0.06,0.24,0.7,0.0,0.0
profile 806,0.0,0.09,0.63,0.14,0.0,0.0
profile 807,0.0,0.0,0.05,0.0,0.0,0.0
profile 808,0.0,0.04,0.0,0.19,0.0,0.0
profile 809,0.0,0.45,0.05,0.4,0.0,0.0
profile 810,0.06,0.53,0.1,0.31,0.0,0.0
profile 811,0.48,0.27,0.15,0.1,0.0,0.0
profile 812,0.49,0.22,0.17,0.13,0.0,0.0
profile 813,0.0,0.3,0.42,0.28,0.0,0.0
profile 814,0.48,0.25,0.17,0.1,0.0,0.0
profile 815,0.0,0.09,0.13,0.78,0.0,0.0
profile 816,0.48,0.46,0.01,0.05,0.0,0.0
profile 817,0.0,0.72,0.23,0.05,0.0,0.0
profile 818,0.0,0.5,0.11,0.39,0.0,0.0
profile 819,0.0,0.49,0.0,0.51,0.0,0.0
profile 820,0.0,0.1,0.07,0.83,0.0,0.0
profile 821,0.0,0.03,0.33,0.64,0.0,0.0
profile 822,0.0,0.0,0.03,0.48,0.0,0.0
profile 823,0.0,0.07,0.0,0.31,0.0,0.0
profile 824,0.0,0.51,0.07,0.39,0.0,0.0
profile 825,0.12,0.4,0.11,0.37,0.0,0.0
profile 826,0.46,0.16,0.21,0.17,0.0,0.0
profile 827,0.02,0.36,0.18,0.44,0.0,0.0
profile 828,0.43,0.24,0.11,0.22,0.0,0.0
profile 829,0.0,0.25,0.55,0.2,0.0,0.0
profile 830,0.49,0.29,0.13,0.09,0.0,0.0
profile 831,0.04,0.26,0.33,0.37,0.0,0.0
profile 832,0.35,0.65,0.0,0.0,0.0,0.0
profile 833,0.0,0.74,0.18,0.08,0.0,0.0
profile 834,0.0,0.73,0.03,0.24,0.0,0.0
profile 835,0.0,0.35,0.0,0.65,0.0,0.0
profile 836,0.0,0.06,0.36,0.58,0.0,0.0
profile 837,0.0,0.09,0.21,0.6,0.0,0.0
profile 838,0.0,0.0,0.0,0.04,0.0,0.0
profile 839,0.0,0.0,0.0,0.0,0.0,0.12
profile 840,0.0,0.28,0.03,0.19,0.0,0.0
profile 841,0.21,0.3,0.11,0.39,0.0,0.0
profile 842,0.39,0.43,0.07,0.11,0.0,0.0
profile 843,0.0,0.05,0.4,0.55,0.0,0.0
profile 844,0.0,0.2,0.39,0.41,0.0,0.0
profile 845,0.43,0.32,0.1,0.16,0.0,0.0
profile 846,0.05,0.22,0.57,0.16,0.0,0.0
profile 847,0.44,0.32,0.07,0.17,0.0,0.0
profile 848,0.61,0.32,0.07,0.0,0.0,0.0
profile 849,0.58,0.26,0.16,0.0,0.0,0.0
profile 850,0.53,0.25,0.22,0.0,0.0,0.0
profile 851,0.0,0.39,0.16,0.45,0.0,0.0
profile 852,0.0,0.03,0.05,0.92,0.0,0.0
profile 853,0.0,0.0,0.47,0.53,0.0,0.0
profile 854,0.0,0.06,0.26,0.04,0.0,0.0
profile 855,0.0,0.0,0.0,0.0,0.0,0.12
profile 856,0.0,0.0,0.07,0.0,0.0,0.84
profile 857,0.0,0.0,0.0,0.0,0.0,0.81
profile 858,0.0,0.0,0.0,0.0,0.0,0.17
profile 859,0.0,0.0,0.0,0.03,0.0,0.0
profile 860,0.0,0.24,0.0,0.45,0.0,0.0
profile 861,0.23,0.54,0.06,0.17,0.0,0.0
profile 862,0.42,0.41,0.03,0.14,0.0,0.0
profile 863,0.43,0.24,0.2,0.14,0.0,0.0
profile 864,0.36,0.54,0.07,0.03,0.0,0.0
profile 865,0.33,0.33,0.06,0.28,0.0,0.0
profile 866,0.17,0.11,0.43,0.29,0.0,0.0
profile 867,0.32,0.18,0.23,0.27,0.0,0.0
profile 868,0.57,0.14,0.24,0.05,0.0,0.0
profile 869,0.08,0.17,0.54,0.21,0.0,0.0
profile 870,0.47,0.09,0.33,0.11,0.0,0.0
profile 871,0.0,0.27,0.01,0.72,0.0,0.0
profile 872,0.0,0.06,0.25,0.69,0.0,0.0
profile 873,0.0,0.05,0.16,0.56,0.0,0.0
profile 874,0.0,0.0,0.06,0.0,0.0,0.55
profile 875,0.0,0.0,0.93,0.0,0.0,0.07
profile 876,0.0,0.0,0.69,0.0,0.0,0.31
profile 877,0.0,0.0,0.1,0.0,0.0,0.43
profile 878,0.0,0.0,0.0,0.04,0.0,0.0
profile 879,0.0,0.08,0.0,0.18,0.0,0.0
profile 880,0.0,0.4,0.0,0.07,0.0,0.0
profile 881,0.0,0.36,0.0,0.32,0.0,0.0
profile 882,0.0,0.63,0.01,0.25,0.0,0.0
profile 883,0.11,0.47,0.02,0.4,0.0,0.0
profile 884,0.05,0.72,0.1,0.13,0.0,0.0
profile 885,0.0,0.31,0.02,0.67,0.0,0.0
profile 886,0.01,0.2,0.15,0.65,0.0,0.0
profile 887,0.06,0.11,0.2,0.63,0.0,0.0
profile 888,0.06,0.14,0.51,0.29,0.0,0.0
profile 889,0.15,0.14,0.31,0.4,0.0,0.0
profile 890,0.0,0.24,0.0,0.76,0.0,0.0
profile 891,0.0,0.01,0.33,0.66,0.0,0.0
profile 892,0.0,0.01,0.04,0.38,0.0,0.0
profile 893,0.0,0.0,0.0,0.0,0.0,0.16
profile 894,0.0,0.0,0.51,0.0,0.0,0.48
profile 895,0.0,0.0,1.0,0.0,0.0,0.0
profile 896,0.0,0.0,0.91,0.0,0.0,0.09
profile 897,0.0,0.0,0.05,0.0,0.0,0.2
profile 898,0.0,0.02,0.0,0.08,0.0,0.0
profile 899,0.0,0.5,0.0,0.2,0.0,0.0
profile 900,0.0,0.23,0.0,0.22,0.0,0.0
profile 901,0.0,0.31,0.0,0.26,0.0,0.0
profile 902,0.0,0.21,0.0,0.5,0.0,0.0
profile 903,0.0,0.29,0.0,0.55,0.0,0.0
profile 904,0.0,0.23,0.0,0.69,0.0,0.0
profile 905,0.0,0.1,0.1,0.71,0.0,0.0
profile 906,0.0,0.03,0.23,0.74,0.0,0.0
profile 907,0.0,0.07,0.06,0.54,0.0,0.0
profile 908,0.0,0.0,0.0,0.02,0.0,0.0
profile 909,0.0,0.0,0.09,0.0,0.0,0.57
profile 910,0.0,0.0,0.96,0.0,0.0,0.04
profile 911,0.0,0.0,1.0,0.0,0.0,0.0
profile 912,0.0,0.0,0.45,0.0,0.0,0.29
profile 913,0.0,0.15,0.0,0.07,0.0,0.0
profile 914,0.0,0.1,0.01,0.04,0.0,0.0
profile 915,0.0,0.38,0.0,0.27,0.0,0.0
profile 916,0.0,0.0,0.0,0.04,0.0,0.0
profile 917,0.0,0.0,0.15,0.38,0.0,0.0
profile 918,0.0,0.04,0.29,0.65,0.0,0.0
profile 919,0.0,0.03,0.61,0.19,0.0,0.0
profile 920,0.0,0.0,0.62,0.22,0.0,0.0
profile 921,0.0,0.04,0.08,0.38,0.0,0.0
profile 922,0.0,0.0,0.0,0.0,0.0,0.05
profile 923,0.0,0.0,0.01,0.0,0.0,0.75
profile 924,0.0,0.0,0.37,0.0,0.0,0.63
profile 925,0.0,0.0,0.75,0.0,0.0,0.24
profile 926,0.0,0.0,0.02,0.0,0.0,0.18
profile 927,0.03,0.04,0.05,0.38,0.0,0.0
profile 928,0.05,0.27,0.26,0.42,0.0,0.0
profile 929,0.27,0.6,0.1,0.0,0.0,0.0
profile 930,0.34,0.31,0.11,0.15,0.0,0.0
profile 931,0.28,0.03,0.31,0.06,0.0,0.0
profile 932,0.17,0.18,0.08,0.02,0.0,0.0
profile 933,0.03,0.04,0.08,0.0,0.06,0.0
profile 934,0.0,0.02,0.0,0.0,0.0,0.0
profile 935,0.0,0.35,0.0,0.28,0.0,0.0
profile 936,0.0,0.01,0.08,0.07,0.0,0.0
profile 937,0.0,0.08,0.07,0.46,0.0,0.0
profile 938,0.0,0.06,0.21,0.7,0.0,0.0
profile 939,0.0,0.06,0.08,0.04,0.0,0.0
profile 940,0.0,0.0,0.0,0.0,0.0,0.06
profile 941,0.0,0.0,0.0,0.0,0.0,0.46
profile 942,0.0,0.0,0.0,0.0,0.0,0.29
profile 943,0.0,0.01,0.0,0.02,0.0,0.0
profile 944,0.06,0.06,0.13,0.4,0.0,0.0
profile 945,0.46,0.1,0.17,0.24,0.0,0.0
profile 946,0.01,0.01,0.05,0.29,0.0,0.0
profile 947,0.0,0.08,0.0,0.02,0.0,0.0
profile 948,0.0,0.7,0.0,0.3,0.0,0.0
profile 949,0.24,0.46,0.0,0.3,0.0,0.0
profile 950,0.73,0.12,0.0,0.0,0.0,0.15
profile 951,0.12,0.05,0.03,0.27,0.53,0.0
profile 952,0.0,0.03,0.0,0.0,0.93,0.0
profile 953,0.0,0.18,0.08,0.18,0.31,0.0
profile 954,0.07,0.06,0.17,0.21,0.0,0.0
profile 955,0.0,0.36,0.0,0.27,0.0,0.0
profile 956,0.0,0.08,0.0,0.0,0.0,0.0
profile 957,0.0,0.01,0.0,0.03,0.0,0.0
profile 958,0.31,0.09,0.03,0.35,0.0,0.0
profile 959,0.04,0.15,0.15,0.55,0.0,0.0
profile 960,0.0,0.02,0.04,0.15,0.0,0.0
profile 961,0.0,0.11,0.0,0.07,0.0,0.0
profile 962,0.04,0.26,0.0,0.11,0.0,0.0
profile 963,0.09,0.09,0.0,0.24,0.0,0.26
profile 964,0.0,0.01,0.06,0.45,0.46,0.02
profile 965,0.0,0.0,0.0,0.1,0.9,0.0
profile 966,0.12,0.14,0.15,0.44,0.15,0.0
profile 967,0.14,0.21,0.22,0.43,0.0,0.0
profile 968,0.0,0.34,0.0,0.2,0.0,0.0
profile 969,0.0,0.0,0.51,0.49,0.0,0.0
profile 970,0.0,0.0,0.52,0.48,0.0,0.0
profile 971,0.0,0.07,0.0,0.0,0.0,0.0
profile 972,0.41,0.3,0.22,0.0,0.0,0.0
profile 973,0.49,0.23,0.02,0.07,0.0,0.0
profile 974,0.0,0.0,0.0,0.2,0.0,0.0
profile 975,0.0,0.05,0.13,0.2,0.28,0.34
profile 976,0.0,0.01,0.4,0.4,0.16,0.03
profile 977,0.0,0.15,0.49,0.34,0.02,0.0
profile 978,0.38,0.22,0.18,0.22,0.0,0.0
profile 979,0.0,0.33,0.0,0.09,0.0,0.0
profile 980,0.0,0.0,0.07,0.0,0.0,0.0
profile 981,0.0,0.0,0.53,0.47,0.0,0.0
profile 982,0.0,0.0,0.71,0.29,0.0,0.0
profile 983,0.01,0.03,0.0,0.0,0.0,0.0
profile 984,0.07,0.13,0.0,0.0,0.0,0.0
profile 985,0.0,0.03,0.0,0.17,0.0,0.0
profile 986,0.0,0.0,0.17,0.3,0.48,0.05
profile 987,0.08,0.11,0.07,0.49,0.01,0.24
profile 988,0.07,0.56,0.19,0.18,0.0,0.0
profile 989,0.22,0.27,0.08,0.43,0.0,0.0
profile 990,0.0,0.2,0.0,0.08,0.0,0.0
profile 991,0.0,0.0,0.15,0.0,0.0,0.0
profile 992,0.0,0.0,0.99,0.0,0.0,0.0
profile 993,0.0,0.0,0.77,0.0,0.0,0.0
profile 994,0.0,0.0,0.47,0.0,0.0,0.0
profile 995,0.0,0.0,0.19,0.0,0.0,0.0
profile 996,0.0,0.09,0.0,0.11,0.0,0.0
profile 997,0.01,0.28,0.35,0.34,0.02,0.0
profile 998,0.51,0.24,0.12,0.13,0.0,0.0
profile 999,0.07,0.78,0.03,0.12,0.0,0.0
profile 1000,0.14,0.51,0.01,0.34,0.0,0.0
profile 1001,0.0,0.09,0.0,0.07,0.0,0.0
profile 1002,0.0,0.0,0.42,0.0,0.0,0.0
profile 1003,0.0,0.0,1.0,0.0,0.0,0.0
profile 1004,0.0,0.0,1.0,0.0,0.0,0.0
profile 1005,0.0,0.0,1.0,0.0,0.0,0.0
profile 1006,0.0,0.0,0.99,0.0,0.0,0.0
profile 1007,0.0,0.0,0.07,0.0,0.0,0.0
profile 1008,0.0,0.0,0.0,0.02,0.0,0.0
profile 1009,0.0,0.06,0.15,0.13,0.0,0.0
profile 1010,0.15,0.37,0.15,0.27,0.0,0.0
profile 1011,0.5,0.11,0.07,0.32,0.0,0.0
profile 1012,0.07,0.41,0.0,0.52,0.0,0.0
profile 1013,0.0,0.02,0.0,0.04,0.0,0.0
profile 1014,0.0,0.0,0.66,0.0,0.0,0.0
profile 1015,0.0,0.0,1.0,0.0,0.0,0.0
profile 1016,0.0,0.0,1.0,0.0,0.0,0.0
profile 1017,0.0,0.0,1.0,0.0,0.0,0.0
profile 1018,0.0,0.0,0.76,0.0,0.0,0.0
profile 1019,0.0,0.0,0.01,0.04,0.0,0.0
profile 1020,0.57,0.21,0.18,0.03,0.0,0.0
profile 1021,0.39,0.22,0.16,0.22,0.0,0.0
profile 1022,0.35,0.32,0.02,0.31,0.0,0.0
profile 1023,0.02,0.77,0.07,0.14,0.0,0.0
profile 1024,0.0,0.51,0.02,0.43,0.0,0.0
profile 1025,0.0,0.45,0.03,0.23,0.0,0.0
profile 1026,0.0,0.32,0.0,0.13,0.0,0.0
profile 1027,0.0,0.12,0.03,0.07,0.0,0.0
profile 1028,0.0,0.0,0.28,0.0,0.0,0.0
profile 1029,0.0,0.0,0.57,0.0,0.0,0.0
profile 1030,0.0,0.0,0.87,0.0,0.0,0.0
profile 1031,0.0,0.0,0.46,0.0,0.0,0.0
